motif,strand,start,end,matched_sequence
CpG,+,18,19,CG
CpG,-,18,19,CG
CpG,+,27,28,CG
CpG,-,27,28,CG
CpG,+,36,37,CG
CpG,-,36,37,CG
CpG,+,40,41,CG
CpG,-,40,41,CG
CpG,+,44,45,CG
CpG,-,44,45,CG
CpG,+,49,50,CG
CpG,-,49,50,CG
CpG,+,56,57,CG
CpG,-,56,57,CG
CpG,+,68,69,CG
CpG,-,68,69,CG
CpG,+,85,86,CG
CpG,-,85,86,CG
CpG,+,110,111,CG
CpG,-,110,111,CG
CpG,+,117,118,CG
CpG,-,117,118,CG
CpG,+,124,125,CG
CpG,-,124,125,CG
CpG,+,137,138,CG
CpG,-,137,138,CG
CpG,+,144,145,CG
CpG,-,144,145,CG
CpG,+,151,152,CG
CpG,-,151,152,CG
CpG,+,170,171,CG
CpG,-,170,171,CG
CpG,+,172,173,CG
CpG,-,172,173,CG
CpG,+,181,182,CG
CpG,-,181,182,CG
CpG,+,192,193,CG
CpG,-,192,193,CG
CpG,+,213,214,CG
CpG,-,213,214,CG
CpG,+,251,252,CG
CpG,-,251,252,CG
CpG,+,263,264,CG
CpG,-,263,264,CG
CpG,+,277,278,CG
CpG,-,277,278,CG
CpG,+,293,294,CG
CpG,-,293,294,CG
CpG,+,304,305,CG
CpG,-,304,305,CG
CpG,+,306,307,CG
CpG,-,306,307,CG
CpG,+,316,317,CG
CpG,-,316,317,CG
CpG,+,318,319,CG
CpG,-,318,319,CG
CpG,+,320,321,CG
CpG,-,320,321,CG
CpG,+,333,334,CG
CpG,-,333,334,CG
CpG,+,337,338,CG
CpG,-,337,338,CG
CpG,+,349,350,CG
CpG,-,349,350,CG
CpG,+,353,354,CG
CpG,-,353,354,CG
CpG,+,355,356,CG
CpG,-,355,356,CG
CpG,+,387,388,CG
CpG,-,387,388,CG
CpG,+,402,403,CG
CpG,-,402,403,CG
CpG,+,406,407,CG
CpG,-,406,407,CG
CpG,+,417,418,CG
CpG,-,417,418,CG
CpG,+,419,420,CG
CpG,-,419,420,CG
CpG,+,462,463,CG
CpG,-,462,463,CG
CpG,+,465,466,CG
CpG,-,465,466,CG
CpG,+,488,489,CG
CpG,-,488,489,CG
CpG,+,517,518,CG
CpG,-,517,518,CG
CpG,+,538,539,CG
CpG,-,538,539,CG
CpG,+,552,553,CG
CpG,-,552,553,CG
CpG,+,557,558,CG
CpG,-,557,558,CG
CpG,+,559,560,CG
CpG,-,559,560,CG
CpG,+,571,572,CG
CpG,-,571,572,CG
CpG,+,577,578,CG
CpG,-,577,578,CG
CpG,+,579,580,CG
CpG,-,579,580,CG
CpG,+,589,590,CG
CpG,-,589,590,CG
CpG,+,609,610,CG
CpG,-,609,610,CG
CpG,+,624,625,CG
CpG,-,624,625,CG
CpG,+,643,644,CG
CpG,-,643,644,CG
CpG,+,646,647,CG
CpG,-,646,647,CG
EcoRI_GAATTC,+,657,662,GAATTC
EcoRI_GAATTC,-,657,662,GAATTC
CpG,+,671,672,CG
CpG,-,671,672,CG
CpG,+,686,687,CG
CpG,-,686,687,CG
CpG,+,689,690,CG
CpG,-,689,690,CG
CpG,+,706,707,CG
CpG,-,706,707,CG
CpG,+,731,732,CG
CpG,-,731,732,CG
CpG,+,734,735,CG
CpG,-,734,735,CG
CpG,+,737,738,CG
CpG,-,737,738,CG
CpG,+,744,745,CG
CpG,-,744,745,CG
CpG,+,752,753,CG
CpG,-,752,753,CG
CpG,+,768,769,CG
CpG,-,768,769,CG
CpG,+,771,772,CG
CpG,-,771,772,CG
CpG,+,774,775,CG
CpG,-,774,775,CG
CpG,+,785,786,CG
CpG,-,785,786,CG
CpG,+,807,808,CG
CpG,-,807,808,CG
CpG,+,809,810,CG
CpG,-,809,810,CG
CpG,+,820,821,CG
CpG,-,820,821,CG
CpG,+,826,827,CG
CpG,-,826,827,CG
CpG,+,840,841,CG
CpG,-,840,841,CG
CpG,+,843,844,CG
CpG,-,843,844,CG
CpG,+,859,860,CG
CpG,-,859,860,CG
CpG,+,864,865,CG
CpG,-,864,865,CG
CpG,+,876,877,CG
CpG,-,876,877,CG
CpG,+,885,886,CG
CpG,-,885,886,CG
CpG,+,897,898,CG
CpG,-,897,898,CG
CpG,+,916,917,CG
CpG,-,916,917,CG
CpG,+,922,923,CG
CpG,-,922,923,CG
CpG,+,926,927,CG
CpG,-,926,927,CG
CpG,+,942,943,CG
CpG,-,942,943,CG
CpG,+,946,947,CG
CpG,-,946,947,CG
CpG,+,957,958,CG
CpG,-,957,958,CG
CpG,+,965,966,CG
CpG,-,965,966,CG
CpG,+,983,984,CG
CpG,-,983,984,CG
CpG,+,997,998,CG
CpG,-,997,998,CG
CpG,+,1005,1006,CG
CpG,-,1005,1006,CG
CpG,+,1011,1012,CG
CpG,-,1011,1012,CG
CpG,+,1026,1027,CG
CpG,-,1026,1027,CG
CpG,+,1032,1033,CG
CpG,-,1032,1033,CG
CpG,+,1045,1046,CG
CpG,-,1045,1046,CG
CpG,+,1052,1053,CG
CpG,-,1052,1053,CG
CpG,+,1055,1056,CG
CpG,-,1055,1056,CG
CpG,+,1060,1061,CG
CpG,-,1060,1061,CG
CpG,+,1069,1070,CG
CpG,-,1069,1070,CG
CpG,+,1078,1079,CG
CpG,-,1078,1079,CG
CpG,+,1098,1099,CG
CpG,-,1098,1099,CG
CpG,+,1101,1102,CG
CpG,-,1101,1102,CG
CpG,+,1111,1112,CG
CpG,-,1111,1112,CG
CpG,+,1114,1115,CG
CpG,-,1114,1115,CG
CpG,+,1116,1117,CG
CpG,-,1116,1117,CG
CpG,+,1134,1135,CG
CpG,-,1134,1135,CG
CpG,+,1148,1149,CG
CpG,-,1148,1149,CG
CpG,+,1166,1167,CG
CpG,-,1166,1167,CG
CpG,+,1170,1171,CG
CpG,-,1170,1171,CG
CpG,+,1181,1182,CG
CpG,-,1181,1182,CG
CpG,+,1184,1185,CG
CpG,-,1184,1185,CG
CpG,+,1186,1187,CG
CpG,-,1186,1187,CG
CpG,+,1191,1192,CG
CpG,-,1191,1192,CG
CpG,+,1194,1195,CG
CpG,-,1194,1195,CG
CpG,+,1217,1218,CG
CpG,-,1217,1218,CG
CpG,+,1221,1222,CG
CpG,-,1221,1222,CG
CpG,+,1229,1230,CG
CpG,-,1229,1230,CG
CpG,+,1236,1237,CG
CpG,-,1236,1237,CG
CpG,+,1247,1248,CG
CpG,-,1247,1248,CG
CpG,+,1262,1263,CG
CpG,-,1262,1263,CG
CpG,+,1266,1267,CG
CpG,-,1266,1267,CG
CpG,+,1275,1276,CG
CpG,-,1275,1276,CG
CpG,+,1288,1289,CG
CpG,-,1288,1289,CG
CpG,+,1293,1294,CG
CpG,-,1293,1294,CG
CpG,+,1305,1306,CG
CpG,-,1305,1306,CG
CpG,+,1309,1310,CG
CpG,-,1309,1310,CG
CpG,+,1314,1315,CG
CpG,-,1314,1315,CG
CpG,+,1320,1321,CG
CpG,-,1320,1321,CG
CpG,+,1323,1324,CG
CpG,-,1323,1324,CG
CpG,+,1338,1339,CG
CpG,-,1338,1339,CG
CpG,+,1345,1346,CG
CpG,-,1345,1346,CG
CpG,+,1347,1348,CG
CpG,-,1347,1348,CG
CpG,+,1350,1351,CG
CpG,-,1350,1351,CG
CpG,+,1363,1364,CG
CpG,-,1363,1364,CG
CpG,+,1366,1367,CG
CpG,-,1366,1367,CG
HindIII_AAGCTT,+,1403,1408,AAGCTT
HindIII_AAGCTT,-,1403,1408,AAGCTT
CpG,+,1417,1418,CG
CpG,-,1417,1418,CG
CpG,+,1419,1420,CG
CpG,-,1419,1420,CG
CpG,+,1425,1426,CG
CpG,-,1425,1426,CG
CpG,+,1429,1430,CG
CpG,-,1429,1430,CG
CpG,+,1448,1449,CG
CpG,-,1448,1449,CG
CpG,+,1453,1454,CG
CpG,-,1453,1454,CG
CpG,+,1455,1456,CG
CpG,-,1455,1456,CG
CpG,+,1493,1494,CG
CpG,-,1493,1494,CG
CpG,+,1509,1510,CG
CpG,-,1509,1510,CG
CpG,+,1550,1551,CG
CpG,-,1550,1551,CG
CpG,+,1560,1561,CG
CpG,-,1560,1561,CG
poly_A_signal_AATAAA,-,1564,1569,AATAAA
CpG,+,1579,1580,CG
CpG,-,1579,1580,CG
CpG,+,1587,1588,CG
CpG,-,1587,1588,CG
CpG,+,1615,1616,CG
CpG,-,1615,1616,CG
CpG,+,1625,1626,CG
CpG,-,1625,1626,CG
CpG,+,1631,1632,CG
CpG,-,1631,1632,CG
CpG,+,1639,1640,CG
CpG,-,1639,1640,CG
CpG,+,1645,1646,CG
CpG,-,1645,1646,CG
CpG,+,1653,1654,CG
CpG,-,1653,1654,CG
CpG,+,1671,1672,CG
CpG,-,1671,1672,CG
CpG,+,1676,1677,CG
CpG,-,1676,1677,CG
CpG,+,1694,1695,CG
CpG,-,1694,1695,CG
CpG,+,1706,1707,CG
CpG,-,1706,1707,CG
CpG,+,1723,1724,CG
CpG,-,1723,1724,CG
CpG,+,1739,1740,CG
CpG,-,1739,1740,CG
CpG,+,1742,1743,CG
CpG,-,1742,1743,CG
CpG,+,1765,1766,CG
CpG,-,1765,1766,CG
CpG,+,1783,1784,CG
CpG,-,1783,1784,CG
CpG,+,1792,1793,CG
CpG,-,1792,1793,CG
CpG,+,1834,1835,CG
CpG,-,1834,1835,CG
CpG,+,1839,1840,CG
CpG,-,1839,1840,CG
CpG,+,1846,1847,CG
CpG,-,1846,1847,CG
CpG,+,1848,1849,CG
CpG,-,1848,1849,CG
CpG,+,1859,1860,CG
CpG,-,1859,1860,CG
CpG,+,1863,1864,CG
CpG,-,1863,1864,CG
CpG,+,1893,1894,CG
CpG,-,1893,1894,CG
CpG,+,1905,1906,CG
CpG,-,1905,1906,CG
CpG,+,1922,1923,CG
CpG,-,1922,1923,CG
CpG,+,1940,1941,CG
CpG,-,1940,1941,CG
CpG,+,1942,1943,CG
CpG,-,1942,1943,CG
CpG,+,1965,1966,CG
CpG,-,1965,1966,CG
CpG,+,1968,1969,CG
CpG,-,1968,1969,CG
CpG,+,1979,1980,CG
CpG,-,1979,1980,CG
CpG,+,1986,1987,CG
CpG,-,1986,1987,CG
CpG,+,1989,1990,CG
CpG,-,1989,1990,CG
CpG,+,2001,2002,CG
CpG,-,2001,2002,CG
CpG,+,2007,2008,CG
CpG,-,2007,2008,CG
CpG,+,2014,2015,CG
CpG,-,2014,2015,CG
CpG,+,2016,2017,CG
CpG,-,2016,2017,CG
CpG,+,2027,2028,CG
CpG,-,2027,2028,CG
CpG,+,2032,2033,CG
CpG,-,2032,2033,CG
CpG,+,2045,2046,CG
CpG,-,2045,2046,CG
CpG,+,2074,2075,CG
CpG,-,2074,2075,CG
CpG,+,2088,2089,CG
CpG,-,2088,2089,CG
CpG,+,2091,2092,CG
CpG,-,2091,2092,CG
CpG,+,2099,2100,CG
CpG,-,2099,2100,CG
CpG,+,2107,2108,CG
CpG,-,2107,2108,CG
CpG,+,2116,2117,CG
CpG,-,2116,2117,CG
CpG,+,2123,2124,CG
CpG,-,2123,2124,CG
CpG,+,2140,2141,CG
CpG,-,2140,2141,CG
CpG,+,2143,2144,CG
CpG,-,2143,2144,CG
CpG,+,2146,2147,CG
CpG,-,2146,2147,CG
CpG,+,2155,2156,CG
CpG,-,2155,2156,CG
CpG,+,2159,2160,CG
CpG,-,2159,2160,CG
CpG,+,2163,2164,CG
CpG,-,2163,2164,CG
CpG,+,2183,2184,CG
CpG,-,2183,2184,CG
CpG,+,2187,2188,CG
CpG,-,2187,2188,CG
CpG,+,2189,2190,CG
CpG,-,2189,2190,CG
CpG,+,2197,2198,CG
CpG,-,2197,2198,CG
CpG,+,2216,2217,CG
CpG,-,2216,2217,CG
CpG,+,2219,2220,CG
CpG,-,2219,2220,CG
CpG,+,2240,2241,CG
CpG,-,2240,2241,CG
EcoRI_GAATTC,+,2253,2258,GAATTC
EcoRI_GAATTC,-,2253,2258,GAATTC
CpG,+,2264,2265,CG
CpG,-,2264,2265,CG
CpG,+,2269,2270,CG
CpG,-,2269,2270,CG
CpG,+,2276,2277,CG
CpG,-,2276,2277,CG
CpG,+,2282,2283,CG
CpG,-,2282,2283,CG
CpG,+,2287,2288,CG
CpG,-,2287,2288,CG
CpG,+,2290,2291,CG
CpG,-,2290,2291,CG
CpG,+,2309,2310,CG
CpG,-,2309,2310,CG
CpG,+,2345,2346,CG
CpG,-,2345,2346,CG
CpG,+,2352,2353,CG
CpG,-,2352,2353,CG
CpG,+,2356,2357,CG
CpG,-,2356,2357,CG
CpG,+,2365,2366,CG
CpG,-,2365,2366,CG
CpG,+,2377,2378,CG
CpG,-,2377,2378,CG
CpG,+,2405,2406,CG
CpG,-,2405,2406,CG
CpG,+,2415,2416,CG
CpG,-,2415,2416,CG
CpG,+,2436,2437,CG
CpG,-,2436,2437,CG
CpG,+,2440,2441,CG
CpG,-,2440,2441,CG
CpG,+,2452,2453,CG
CpG,-,2452,2453,CG
CpG,+,2467,2468,CG
CpG,-,2467,2468,CG
CpG,+,2474,2475,CG
CpG,-,2474,2475,CG
CpG,+,2477,2478,CG
CpG,-,2477,2478,CG
CpG,+,2480,2481,CG
CpG,-,2480,2481,CG
CpG,+,2494,2495,CG
CpG,-,2494,2495,CG
CpG,+,2509,2510,CG
CpG,-,2509,2510,CG
CpG,+,2516,2517,CG
CpG,-,2516,2517,CG
CpG,+,2524,2525,CG
CpG,-,2524,2525,CG
CpG,+,2538,2539,CG
CpG,-,2538,2539,CG
CpG,+,2556,2557,CG
CpG,-,2556,2557,CG
CpG,+,2566,2567,CG
CpG,-,2566,2567,CG
CpG,+,2571,2572,CG
CpG,-,2571,2572,CG
CpG,+,2583,2584,CG
CpG,-,2583,2584,CG
CpG,+,2588,2589,CG
CpG,-,2588,2589,CG
CpG,+,2597,2598,CG
CpG,-,2597,2598,CG
CpG,+,2604,2605,CG
CpG,-,2604,2605,CG
CpG,+,2620,2621,CG
CpG,-,2620,2621,CG
CpG,+,2625,2626,CG
CpG,-,2625,2626,CG
CpG,+,2628,2629,CG
CpG,-,2628,2629,CG
CpG,+,2635,2636,CG
CpG,-,2635,2636,CG
CpG,+,2637,2638,CG
CpG,-,2637,2638,CG
CpG,+,2642,2643,CG
CpG,-,2642,2643,CG
CpG,+,2648,2649,CG
CpG,-,2648,2649,CG
poly_A_signal_AATAAA,-,2657,2662,AATAAA
CpG,+,2671,2672,CG
CpG,-,2671,2672,CG
CpG,+,2676,2677,CG
CpG,-,2676,2677,CG
CpG,+,2678,2679,CG
CpG,-,2678,2679,CG
CpG,+,2721,2722,CG
CpG,-,2721,2722,CG
CpG,+,2729,2730,CG
CpG,-,2729,2730,CG
CpG,+,2745,2746,CG
CpG,-,2745,2746,CG
CpG,+,2761,2762,CG
CpG,-,2761,2762,CG
CpG,+,2769,2770,CG
CpG,-,2769,2770,CG
CpG,+,2814,2815,CG
CpG,-,2814,2815,CG
CpG,+,2828,2829,CG
CpG,-,2828,2829,CG
CpG,+,2844,2845,CG
CpG,-,2844,2845,CG
CpG,+,2857,2858,CG
CpG,-,2857,2858,CG
CpG,+,2866,2867,CG
CpG,-,2866,2867,CG
CpG,+,2874,2875,CG
CpG,-,2874,2875,CG
CpG,+,2881,2882,CG
CpG,-,2881,2882,CG
CpG,+,2895,2896,CG
CpG,-,2895,2896,CG
CpG,+,2898,2899,CG
CpG,-,2898,2899,CG
CpG,+,2921,2922,CG
CpG,-,2921,2922,CG
CpG,+,2923,2924,CG
CpG,-,2923,2924,CG
CpG,+,2946,2947,CG
CpG,-,2946,2947,CG
CpG,+,2951,2952,CG
CpG,-,2951,2952,CG
CpG,+,2954,2955,CG
CpG,-,2954,2955,CG
CpG,+,3008,3009,CG
CpG,-,3008,3009,CG
CpG,+,3037,3038,CG
CpG,-,3037,3038,CG
CpG,+,3042,3043,CG
CpG,-,3042,3043,CG
CpG,+,3057,3058,CG
CpG,-,3057,3058,CG
CpG,+,3073,3074,CG
CpG,-,3073,3074,CG
CpG,+,3097,3098,CG
CpG,-,3097,3098,CG
CpG,+,3101,3102,CG
CpG,-,3101,3102,CG
EcoRI_GAATTC,+,3121,3126,GAATTC
EcoRI_GAATTC,-,3121,3126,GAATTC
CpG,+,3146,3147,CG
CpG,-,3146,3147,CG
CpG,+,3151,3152,CG
CpG,-,3151,3152,CG
CpG,+,3252,3253,CG
CpG,-,3252,3253,CG
CpG,+,3261,3262,CG
CpG,-,3261,3262,CG
CpG,+,3270,3271,CG
CpG,-,3270,3271,CG
CpG,+,3278,3279,CG
CpG,-,3278,3279,CG
CpG,+,3310,3311,CG
CpG,-,3310,3311,CG
CpG,+,3318,3319,CG
CpG,-,3318,3319,CG
CpG,+,3327,3328,CG
CpG,-,3327,3328,CG
CpG,+,3335,3336,CG
CpG,-,3335,3336,CG
CpG,+,3339,3340,CG
CpG,-,3339,3340,CG
CpG,+,3367,3368,CG
CpG,-,3367,3368,CG
CpG,+,3371,3372,CG
CpG,-,3371,3372,CG
CpG,+,3390,3391,CG
CpG,-,3390,3391,CG
CpG,+,3408,3409,CG
CpG,-,3408,3409,CG
CpG,+,3420,3421,CG
CpG,-,3420,3421,CG
CpG,+,3427,3428,CG
CpG,-,3427,3428,CG
CpG,+,3435,3436,CG
CpG,-,3435,3436,CG
CpG,+,3439,3440,CG
CpG,-,3439,3440,CG
CpG,+,3480,3481,CG
CpG,-,3480,3481,CG
CpG,+,3509,3510,CG
CpG,-,3509,3510,CG
CpG,+,3516,3517,CG
CpG,-,3516,3517,CG
CpG,+,3528,3529,CG
CpG,-,3528,3529,CG
CpG,+,3551,3552,CG
CpG,-,3551,3552,CG
CpG,+,3560,3561,CG
CpG,-,3560,3561,CG
CpG,+,3585,3586,CG
CpG,-,3585,3586,CG
CpG,+,3595,3596,CG
CpG,-,3595,3596,CG
HindIII_AAGCTT,+,3626,3631,AAGCTT
HindIII_AAGCTT,-,3626,3631,AAGCTT
CpG,+,3632,3633,CG
CpG,-,3632,3633,CG
CpG,+,3648,3649,CG
CpG,-,3648,3649,CG
CpG,+,3656,3657,CG
CpG,-,3656,3657,CG
CpG,+,3675,3676,CG
CpG,-,3675,3676,CG
CpG,+,3713,3714,CG
CpG,-,3713,3714,CG
CpG,+,3727,3728,CG
CpG,-,3727,3728,CG
CpG,+,3731,3732,CG
CpG,-,3731,3732,CG
CpG,+,3734,3735,CG
CpG,-,3734,3735,CG
CpG,+,3766,3767,CG
CpG,-,3766,3767,CG
CpG,+,3773,3774,CG
CpG,-,3773,3774,CG
CpG,+,3788,3789,CG
CpG,-,3788,3789,CG
CpG,+,3795,3796,CG
CpG,-,3795,3796,CG
CpG,+,3805,3806,CG
CpG,-,3805,3806,CG
CpG,+,3896,3897,CG
CpG,-,3896,3897,CG
CpG,+,3898,3899,CG
CpG,-,3898,3899,CG
CpG,+,3908,3909,CG
CpG,-,3908,3909,CG
CpG,+,3918,3919,CG
CpG,-,3918,3919,CG
CpG,+,3928,3929,CG
CpG,-,3928,3929,CG
CpG,+,3934,3935,CG
CpG,-,3934,3935,CG
CpG,+,3940,3941,CG
CpG,-,3940,3941,CG
CpG,+,3943,3944,CG
CpG,-,3943,3944,CG
CpG,+,3977,3978,CG
CpG,-,3977,3978,CG
CpG,+,3979,3980,CG
CpG,-,3979,3980,CG
CpG,+,3997,3998,CG
CpG,-,3997,3998,CG
CpG,+,4035,4036,CG
CpG,-,4035,4036,CG
CpG,+,4044,4045,CG
CpG,-,4044,4045,CG
CpG,+,4051,4052,CG
CpG,-,4051,4052,CG
CpG,+,4059,4060,CG
CpG,-,4059,4060,CG
CpG,+,4065,4066,CG
CpG,-,4065,4066,CG
CpG,+,4139,4140,CG
CpG,-,4139,4140,CG
CpG,+,4176,4177,CG
CpG,-,4176,4177,CG
CpG,+,4212,4213,CG
CpG,-,4212,4213,CG
CpG,+,4227,4228,CG
CpG,-,4227,4228,CG
CpG,+,4229,4230,CG
CpG,-,4229,4230,CG
CpG,+,4233,4234,CG
CpG,-,4233,4234,CG
CpG,+,4251,4252,CG
CpG,-,4251,4252,CG
CpG,+,4259,4260,CG
CpG,-,4259,4260,CG
CpG,+,4270,4271,CG
CpG,-,4270,4271,CG
CpG,+,4276,4277,CG
CpG,-,4276,4277,CG
CpG,+,4290,4291,CG
CpG,-,4290,4291,CG
CpG,+,4305,4306,CG
CpG,-,4305,4306,CG
CpG,+,4320,4321,CG
CpG,-,4320,4321,CG
CpG,+,4339,4340,CG
CpG,-,4339,4340,CG
CpG,+,4341,4342,CG
CpG,-,4341,4342,CG
poly_A_signal_AATAAA,-,4344,4349,AATAAA
CpG,+,4356,4357,CG
CpG,-,4356,4357,CG
CpG,+,4368,4369,CG
CpG,-,4368,4369,CG
CpG,+,4380,4381,CG
CpG,-,4380,4381,CG
CpG,+,4388,4389,CG
CpG,-,4388,4389,CG
CpG,+,4403,4404,CG
CpG,-,4403,4404,CG
CpG,+,4419,4420,CG
CpG,-,4419,4420,CG
CpG,+,4421,4422,CG
CpG,-,4421,4422,CG
CpG,+,4436,4437,CG
CpG,-,4436,4437,CG
CpG,+,4460,4461,CG
CpG,-,4460,4461,CG
CpG,+,4470,4471,CG
CpG,-,4470,4471,CG
CpG,+,4479,4480,CG
CpG,-,4479,4480,CG
CpG,+,4487,4488,CG
CpG,-,4487,4488,CG
CpG,+,4505,4506,CG
CpG,-,4505,4506,CG
CpG,+,4547,4548,CG
CpG,-,4547,4548,CG
CpG,+,4558,4559,CG
CpG,-,4558,4559,CG
CpG,+,4565,4566,CG
CpG,-,4565,4566,CG
CpG,+,4569,4570,CG
CpG,-,4569,4570,CG
CpG,+,4574,4575,CG
CpG,-,4574,4575,CG
CpG,+,4580,4581,CG
CpG,-,4580,4581,CG
CpG,+,4593,4594,CG
CpG,-,4593,4594,CG
CpG,+,4602,4603,CG
CpG,-,4602,4603,CG
CpG,+,4607,4608,CG
CpG,-,4607,4608,CG
CpG,+,4617,4618,CG
CpG,-,4617,4618,CG
CpG,+,4650,4651,CG
CpG,-,4650,4651,CG
CpG,+,4653,4654,CG
CpG,-,4653,4654,CG
CpG,+,4671,4672,CG
CpG,-,4671,4672,CG
CpG,+,4677,4678,CG
CpG,-,4677,4678,CG
CpG,+,4688,4689,CG
CpG,-,4688,4689,CG
CpG,+,4717,4718,CG
CpG,-,4717,4718,CG
CpG,+,4722,4723,CG
CpG,-,4722,4723,CG
CpG,+,4726,4727,CG
CpG,-,4726,4727,CG
HindIII_AAGCTT,+,4743,4748,AAGCTT
HindIII_AAGCTT,-,4743,4748,AAGCTT
CpG,+,4806,4807,CG
CpG,-,4806,4807,CG
CpG,+,4810,4811,CG
CpG,-,4810,4811,CG
CpG,+,4823,4824,CG
CpG,-,4823,4824,CG
CpG,+,4829,4830,CG
CpG,-,4829,4830,CG
CpG,+,4831,4832,CG
CpG,-,4831,4832,CG
CpG,+,4842,4843,CG
CpG,-,4842,4843,CG
CpG,+,4881,4882,CG
CpG,-,4881,4882,CG
HindIII_AAGCTT,+,4885,4890,AAGCTT
HindIII_AAGCTT,-,4885,4890,AAGCTT
CpG,+,4892,4893,CG
CpG,-,4892,4893,CG
CpG,+,4894,4895,CG
CpG,-,4894,4895,CG
CpG,+,4905,4906,CG
CpG,-,4905,4906,CG
CpG,+,4908,4909,CG
CpG,-,4908,4909,CG
CpG,+,4913,4914,CG
CpG,-,4913,4914,CG
CpG,+,4923,4924,CG
CpG,-,4923,4924,CG
CpG,+,4935,4936,CG
CpG,-,4935,4936,CG
CpG,+,4959,4960,CG
CpG,-,4959,4960,CG
CpG,+,4965,4966,CG
CpG,-,4965,4966,CG
CpG,+,4979,4980,CG
CpG,-,4979,4980,CG
CpG,+,4996,4997,CG
CpG,-,4996,4997,CG
CpG,+,5008,5009,CG
CpG,-,5008,5009,CG
CpG,+,5021,5022,CG
CpG,-,5021,5022,CG
CpG,+,5046,5047,CG
CpG,-,5046,5047,CG
CpG,+,5093,5094,CG
CpG,-,5093,5094,CG
CpG,+,5128,5129,CG
CpG,-,5128,5129,CG
CpG,+,5148,5149,CG
CpG,-,5148,5149,CG
CpG,+,5154,5155,CG
CpG,-,5154,5155,CG
CpG,+,5174,5175,CG
CpG,-,5174,5175,CG
CpG,+,5176,5177,CG
CpG,-,5176,5177,CG
CpG,+,5204,5205,CG
CpG,-,5204,5205,CG
CpG,+,5226,5227,CG
CpG,-,5226,5227,CG
CpG,+,5229,5230,CG
CpG,-,5229,5230,CG
CpG,+,5265,5266,CG
CpG,-,5265,5266,CG
CpG,+,5268,5269,CG
CpG,-,5268,5269,CG
CpG,+,5274,5275,CG
CpG,-,5274,5275,CG
CpG,+,5276,5277,CG
CpG,-,5276,5277,CG
CpG,+,5289,5290,CG
CpG,-,5289,5290,CG
CpG,+,5295,5296,CG
CpG,-,5295,5296,CG
CpG,+,5337,5338,CG
CpG,-,5337,5338,CG
CpG,+,5364,5365,CG
CpG,-,5364,5365,CG
CpG,+,5371,5372,CG
CpG,-,5371,5372,CG
CpG,+,5378,5379,CG
CpG,-,5378,5379,CG
CpG,+,5397,5398,CG
CpG,-,5397,5398,CG
CpG,+,5409,5410,CG
CpG,-,5409,5410,CG
CpG,+,5420,5421,CG
CpG,-,5420,5421,CG
CpG,+,5424,5425,CG
CpG,-,5424,5425,CG
CpG,+,5451,5452,CG
CpG,-,5451,5452,CG
CpG,+,5486,5487,CG
CpG,-,5486,5487,CG
CpG,+,5499,5500,CG
CpG,-,5499,5500,CG
CpG,+,5505,5506,CG
CpG,-,5505,5506,CG
CpG,+,5508,5509,CG
CpG,-,5508,5509,CG
CpG,+,5510,5511,CG
CpG,-,5510,5511,CG
CpG,+,5532,5533,CG
CpG,-,5532,5533,CG
CpG,+,5557,5558,CG
CpG,-,5557,5558,CG
CpG,+,5564,5565,CG
CpG,-,5564,5565,CG
CpG,+,5566,5567,CG
CpG,-,5566,5567,CG
CpG,+,5582,5583,CG
CpG,-,5582,5583,CG
CpG,+,5584,5585,CG
CpG,-,5584,5585,CG
CpG,+,5605,5606,CG
CpG,-,5605,5606,CG
CpG,+,5612,5613,CG
CpG,-,5612,5613,CG
CpG,+,5622,5623,CG
CpG,-,5622,5623,CG
CpG,+,5627,5628,CG
CpG,-,5627,5628,CG
CpG,+,5645,5646,CG
CpG,-,5645,5646,CG
CpG,+,5657,5658,CG
CpG,-,5657,5658,CG
CpG,+,5667,5668,CG
CpG,-,5667,5668,CG
CpG,+,5741,5742,CG
CpG,-,5741,5742,CG
CpG,+,5772,5773,CG
CpG,-,5772,5773,CG
CpG,+,5775,5776,CG
CpG,-,5775,5776,CG
CpG,+,5792,5793,CG
CpG,-,5792,5793,CG
CpG,+,5795,5796,CG
CpG,-,5795,5796,CG
CpG,+,5815,5816,CG
CpG,-,5815,5816,CG
CpG,+,5824,5825,CG
CpG,-,5824,5825,CG
CpG,+,5830,5831,CG
CpG,-,5830,5831,CG
CpG,+,5842,5843,CG
CpG,-,5842,5843,CG
CpG,+,5851,5852,CG
CpG,-,5851,5852,CG
CpG,+,5874,5875,CG
CpG,-,5874,5875,CG
CpG,+,5895,5896,CG
CpG,-,5895,5896,CG
CpG,+,5910,5911,CG
CpG,-,5910,5911,CG
CpG,+,5915,5916,CG
CpG,-,5915,5916,CG
CpG,+,5930,5931,CG
CpG,-,5930,5931,CG
CpG,+,5934,5935,CG
CpG,-,5934,5935,CG
CpG,+,5941,5942,CG
CpG,-,5941,5942,CG
CpG,+,5949,5950,CG
CpG,-,5949,5950,CG
HindIII_AAGCTT,+,5960,5965,AAGCTT
HindIII_AAGCTT,-,5960,5965,AAGCTT
CpG,+,5971,5972,CG
CpG,-,5971,5972,CG
CpG,+,5982,5983,CG
CpG,-,5982,5983,CG
CpG,+,5986,5987,CG
CpG,-,5986,5987,CG
CpG,+,5988,5989,CG
CpG,-,5988,5989,CG
CpG,+,5993,5994,CG
CpG,-,5993,5994,CG
CpG,+,6007,6008,CG
CpG,-,6007,6008,CG
CpG,+,6009,6010,CG
CpG,-,6009,6010,CG
CpG,+,6028,6029,CG
CpG,-,6028,6029,CG
CpG,+,6042,6043,CG
CpG,-,6042,6043,CG
CpG,+,6045,6046,CG
CpG,-,6045,6046,CG
CpG,+,6062,6063,CG
CpG,-,6062,6063,CG
CpG,+,6064,6065,CG
CpG,-,6064,6065,CG
CpG,+,6114,6115,CG
CpG,-,6114,6115,CG
CpG,+,6132,6133,CG
CpG,-,6132,6133,CG
CpG,+,6135,6136,CG
CpG,-,6135,6136,CG
CpG,+,6138,6139,CG
CpG,-,6138,6139,CG
CpG,+,6148,6149,CG
CpG,-,6148,6149,CG
CpG,+,6171,6172,CG
CpG,-,6171,6172,CG
CpG,+,6187,6188,CG
CpG,-,6187,6188,CG
CpG,+,6201,6202,CG
CpG,-,6201,6202,CG
CpG,+,6206,6207,CG
CpG,-,6206,6207,CG
CpG,+,6212,6213,CG
CpG,-,6212,6213,CG
CpG,+,6215,6216,CG
CpG,-,6215,6216,CG
CpG,+,6278,6279,CG
CpG,-,6278,6279,CG
CpG,+,6290,6291,CG
CpG,-,6290,6291,CG
CpG,+,6304,6305,CG
CpG,-,6304,6305,CG
CpG,+,6306,6307,CG
CpG,-,6306,6307,CG
CpG,+,6323,6324,CG
CpG,-,6323,6324,CG
poly_A_signal_AATAAA,-,6333,6338,AATAAA
CpG,+,6352,6353,CG
CpG,-,6352,6353,CG
CpG,+,6368,6369,CG
CpG,-,6368,6369,CG
CpG,+,6375,6376,CG
CpG,-,6375,6376,CG
EcoRI_GAATTC,+,6385,6390,GAATTC
EcoRI_GAATTC,-,6385,6390,GAATTC
CpG,+,6419,6420,CG
CpG,-,6419,6420,CG
CpG,+,6486,6487,CG
CpG,-,6486,6487,CG
CpG,+,6531,6532,CG
CpG,-,6531,6532,CG
CpG,+,6543,6544,CG
CpG,-,6543,6544,CG
CpG,+,6549,6550,CG
CpG,-,6549,6550,CG
CpG,+,6554,6555,CG
CpG,-,6554,6555,CG
CpG,+,6572,6573,CG
CpG,-,6572,6573,CG
CpG,+,6577,6578,CG
CpG,-,6577,6578,CG
CpG,+,6580,6581,CG
CpG,-,6580,6581,CG
CpG,+,6582,6583,CG
CpG,-,6582,6583,CG
CpG,+,6591,6592,CG
CpG,-,6591,6592,CG
CpG,+,6600,6601,CG
CpG,-,6600,6601,CG
CpG,+,6603,6604,CG
CpG,-,6603,6604,CG
CpG,+,6608,6609,CG
CpG,-,6608,6609,CG
CpG,+,6624,6625,CG
CpG,-,6624,6625,CG
CpG,+,6630,6631,CG
CpG,-,6630,6631,CG
CpG,+,6637,6638,CG
CpG,-,6637,6638,CG
CpG,+,6642,6643,CG
CpG,-,6642,6643,CG
CpG,+,6652,6653,CG
CpG,-,6652,6653,CG
CpG,+,6663,6664,CG
CpG,-,6663,6664,CG
CpG,+,6666,6667,CG
CpG,-,6666,6667,CG
CpG,+,6676,6677,CG
CpG,-,6676,6677,CG
CpG,+,6682,6683,CG
CpG,-,6682,6683,CG
CpG,+,6693,6694,CG
CpG,-,6693,6694,CG
CpG,+,6702,6703,CG
CpG,-,6702,6703,CG
CpG,+,6713,6714,CG
CpG,-,6713,6714,CG
CpG,+,6744,6745,CG
CpG,-,6744,6745,CG
CpG,+,6747,6748,CG
CpG,-,6747,6748,CG
CpG,+,6768,6769,CG
CpG,-,6768,6769,CG
CpG,+,6787,6788,CG
CpG,-,6787,6788,CG
CpG,+,6834,6835,CG
CpG,-,6834,6835,CG
CpG,+,6851,6852,CG
CpG,-,6851,6852,CG
CpG,+,6864,6865,CG
CpG,-,6864,6865,CG
CpG,+,6867,6868,CG
CpG,-,6867,6868,CG
CpG,+,6886,6887,CG
CpG,-,6886,6887,CG
CpG,+,6888,6889,CG
CpG,-,6888,6889,CG
CpG,+,6903,6904,CG
CpG,-,6903,6904,CG
CpG,+,6915,6916,CG
CpG,-,6915,6916,CG
CpG,+,6921,6922,CG
CpG,-,6921,6922,CG
CpG,+,6927,6928,CG
CpG,-,6927,6928,CG
CpG,+,6933,6934,CG
CpG,-,6933,6934,CG
CpG,+,6940,6941,CG
CpG,-,6940,6941,CG
CpG,+,6957,6958,CG
CpG,-,6957,6958,CG
CpG,+,6973,6974,CG
CpG,-,6973,6974,CG
CpG,+,6996,6997,CG
CpG,-,6996,6997,CG
CpG,+,7038,7039,CG
CpG,-,7038,7039,CG
CpG,+,7041,7042,CG
CpG,-,7041,7042,CG
CpG,+,7061,7062,CG
CpG,-,7061,7062,CG
CpG,+,7064,7065,CG
CpG,-,7064,7065,CG
CpG,+,7066,7067,CG
CpG,-,7066,7067,CG
CpG,+,7083,7084,CG
CpG,-,7083,7084,CG
CpG,+,7097,7098,CG
CpG,-,7097,7098,CG
CpG,+,7116,7117,CG
CpG,-,7116,7117,CG
CpG,+,7156,7157,CG
CpG,-,7156,7157,CG
CpG,+,7162,7163,CG
CpG,-,7162,7163,CG
CpG,+,7167,7168,CG
CpG,-,7167,7168,CG
CpG,+,7182,7183,CG
CpG,-,7182,7183,CG
CpG,+,7190,7191,CG
CpG,-,7190,7191,CG
CpG,+,7194,7195,CG
CpG,-,7194,7195,CG
CpG,+,7198,7199,CG
CpG,-,7198,7199,CG
CpG,+,7214,7215,CG
CpG,-,7214,7215,CG
CpG,+,7216,7217,CG
CpG,-,7216,7217,CG
CpG,+,7227,7228,CG
CpG,-,7227,7228,CG
CpG,+,7232,7233,CG
CpG,-,7232,7233,CG
CpG,+,7234,7235,CG
CpG,-,7234,7235,CG
CpG,+,7244,7245,CG
CpG,-,7244,7245,CG
CpG,+,7248,7249,CG
CpG,-,7248,7249,CG
CpG,+,7256,7257,CG
CpG,-,7256,7257,CG
CpG,+,7272,7273,CG
CpG,-,7272,7273,CG
CpG,+,7298,7299,CG
CpG,-,7298,7299,CG
CpG,+,7304,7305,CG
CpG,-,7304,7305,CG
CpG,+,7319,7320,CG
CpG,-,7319,7320,CG
CpG,+,7321,7322,CG
CpG,-,7321,7322,CG
CpG,+,7327,7328,CG
CpG,-,7327,7328,CG
CpG,+,7336,7337,CG
CpG,-,7336,7337,CG
CpG,+,7343,7344,CG
CpG,-,7343,7344,CG
CpG,+,7345,7346,CG
CpG,-,7345,7346,CG
CpG,+,7348,7349,CG
CpG,-,7348,7349,CG
CpG,+,7352,7353,CG
CpG,-,7352,7353,CG
CpG,+,7360,7361,CG
CpG,-,7360,7361,CG
CpG,+,7362,7363,CG
CpG,-,7362,7363,CG
CpG,+,7392,7393,CG
CpG,-,7392,7393,CG
CpG,+,7410,7411,CG
CpG,-,7410,7411,CG
CpG,+,7446,7447,CG
CpG,-,7446,7447,CG
CpG,+,7450,7451,CG
CpG,-,7450,7451,CG
CpG,+,7488,7489,CG
CpG,-,7488,7489,CG
CpG,+,7494,7495,CG
CpG,-,7494,7495,CG
CpG,+,7500,7501,CG
CpG,-,7500,7501,CG
CpG,+,7512,7513,CG
CpG,-,7512,7513,CG
CpG,+,7527,7528,CG
CpG,-,7527,7528,CG
CpG,+,7532,7533,CG
CpG,-,7532,7533,CG
CpG,+,7572,7573,CG
CpG,-,7572,7573,CG
CpG,+,7578,7579,CG
CpG,-,7578,7579,CG
CpG,+,7604,7605,CG
CpG,-,7604,7605,CG
CpG,+,7678,7679,CG
CpG,-,7678,7679,CG
CpG,+,7680,7681,CG
CpG,-,7680,7681,CG
CpG,+,7697,7698,CG
CpG,-,7697,7698,CG
CpG,+,7703,7704,CG
CpG,-,7703,7704,CG
HindIII_AAGCTT,+,7710,7715,AAGCTT
HindIII_AAGCTT,-,7710,7715,AAGCTT
CpG,+,7733,7734,CG
CpG,-,7733,7734,CG
EcoRI_GAATTC,+,7737,7742,GAATTC
EcoRI_GAATTC,-,7737,7742,GAATTC
CpG,+,7749,7750,CG
CpG,-,7749,7750,CG
CpG,+,7754,7755,CG
CpG,-,7754,7755,CG
CpG,+,7773,7774,CG
CpG,-,7773,7774,CG
CpG,+,7776,7777,CG
CpG,-,7776,7777,CG
CpG,+,7780,7781,CG
CpG,-,7780,7781,CG
CpG,+,7790,7791,CG
CpG,-,7790,7791,CG
CpG,+,7809,7810,CG
CpG,-,7809,7810,CG
CpG,+,7817,7818,CG
CpG,-,7817,7818,CG
poly_A_signal_AATAAA,-,7823,7828,AATAAA
CpG,+,7832,7833,CG
CpG,-,7832,7833,CG
CpG,+,7844,7845,CG
CpG,-,7844,7845,CG
CpG,+,7851,7852,CG
CpG,-,7851,7852,CG
CpG,+,7874,7875,CG
CpG,-,7874,7875,CG
CpG,+,7895,7896,CG
CpG,-,7895,7896,CG
CpG,+,7919,7920,CG
CpG,-,7919,7920,CG
CpG,+,7935,7936,CG
CpG,-,7935,7936,CG
CpG,+,7941,7942,CG
CpG,-,7941,7942,CG
CpG,+,7950,7951,CG
CpG,-,7950,7951,CG
CpG,+,7953,7954,CG
CpG,-,7953,7954,CG
CpG,+,7993,7994,CG
CpG,-,7993,7994,CG
CpG,+,8022,8023,CG
CpG,-,8022,8023,CG
CpG,+,8043,8044,CG
CpG,-,8043,8044,CG
CpG,+,8060,8061,CG
CpG,-,8060,8061,CG
CpG,+,8066,8067,CG
CpG,-,8066,8067,CG
CpG,+,8074,8075,CG
CpG,-,8074,8075,CG
CpG,+,8102,8103,CG
CpG,-,8102,8103,CG
CpG,+,8109,8110,CG
CpG,-,8109,8110,CG
CpG,+,8117,8118,CG
CpG,-,8117,8118,CG
CpG,+,8131,8132,CG
CpG,-,8131,8132,CG
CpG,+,8142,8143,CG
CpG,-,8142,8143,CG
CpG,+,8156,8157,CG
CpG,-,8156,8157,CG
CpG,+,8168,8169,CG
CpG,-,8168,8169,CG
CpG,+,8197,8198,CG
CpG,-,8197,8198,CG
CpG,+,8202,8203,CG
CpG,-,8202,8203,CG
CpG,+,8216,8217,CG
CpG,-,8216,8217,CG
CpG,+,8231,8232,CG
CpG,-,8231,8232,CG
CpG,+,8238,8239,CG
CpG,-,8238,8239,CG
CpG,+,8242,8243,CG
CpG,-,8242,8243,CG
CpG,+,8277,8278,CG
CpG,-,8277,8278,CG
CpG,+,8297,8298,CG
CpG,-,8297,8298,CG
CpG,+,8355,8356,CG
CpG,-,8355,8356,CG
CpG,+,8367,8368,CG
CpG,-,8367,8368,CG
CpG,+,8370,8371,CG
CpG,-,8370,8371,CG
CpG,+,8413,8414,CG
CpG,-,8413,8414,CG
CpG,+,8439,8440,CG
CpG,-,8439,8440,CG
CpG,+,8472,8473,CG
CpG,-,8472,8473,CG
CpG,+,8477,8478,CG
CpG,-,8477,8478,CG
CpG,+,8497,8498,CG
CpG,-,8497,8498,CG
CpG,+,8517,8518,CG
CpG,-,8517,8518,CG
CpG,+,8548,8549,CG
CpG,-,8548,8549,CG
CpG,+,8553,8554,CG
CpG,-,8553,8554,CG
CpG,+,8586,8587,CG
CpG,-,8586,8587,CG
TATA_like,-,8589,8595,TATAAAT
CpG,+,8608,8609,CG
CpG,-,8608,8609,CG
CpG,+,8616,8617,CG
CpG,-,8616,8617,CG
CpG,+,8675,8676,CG
CpG,-,8675,8676,CG
CpG,+,8709,8710,CG
CpG,-,8709,8710,CG
CpG,+,8717,8718,CG
CpG,-,8717,8718,CG
CpG,+,8751,8752,CG
CpG,-,8751,8752,CG
CpG,+,8763,8764,CG
CpG,-,8763,8764,CG
CpG,+,8772,8773,CG
CpG,-,8772,8773,CG
CpG,+,8774,8775,CG
CpG,-,8774,8775,CG
CpG,+,8784,8785,CG
CpG,-,8784,8785,CG
CpG,+,8808,8809,CG
CpG,-,8808,8809,CG
CpG,+,8830,8831,CG
CpG,-,8830,8831,CG
CpG,+,8838,8839,CG
CpG,-,8838,8839,CG
CpG,+,8844,8845,CG
CpG,-,8844,8845,CG
CpG,+,8855,8856,CG
CpG,-,8855,8856,CG
CpG,+,8911,8912,CG
CpG,-,8911,8912,CG
CpG,+,8988,8989,CG
CpG,-,8988,8989,CG
CpG,+,8991,8992,CG
CpG,-,8991,8992,CG
CpG,+,9009,9010,CG
CpG,-,9009,9010,CG
CpG,+,9030,9031,CG
CpG,-,9030,9031,CG
CpG,+,9039,9040,CG
CpG,-,9039,9040,CG
CpG,+,9059,9060,CG
CpG,-,9059,9060,CG
CpG,+,9082,9083,CG
CpG,-,9082,9083,CG
CpG,+,9086,9087,CG
CpG,-,9086,9087,CG
CpG,+,9089,9090,CG
CpG,-,9089,9090,CG
CpG,+,9102,9103,CG
CpG,-,9102,9103,CG
CpG,+,9110,9111,CG
CpG,-,9110,9111,CG
CpG,+,9113,9114,CG
CpG,-,9113,9114,CG
CpG,+,9170,9171,CG
CpG,-,9170,9171,CG
CpG,+,9173,9174,CG
CpG,-,9173,9174,CG
CpG,+,9176,9177,CG
CpG,-,9176,9177,CG
CpG,+,9192,9193,CG
CpG,-,9192,9193,CG
CpG,+,9204,9205,CG
CpG,-,9204,9205,CG
CpG,+,9210,9211,CG
CpG,-,9210,9211,CG
CpG,+,9216,9217,CG
CpG,-,9216,9217,CG
CpG,+,9224,9225,CG
CpG,-,9224,9225,CG
CpG,+,9265,9266,CG
CpG,-,9265,9266,CG
CpG,+,9297,9298,CG
CpG,-,9297,9298,CG
CpG,+,9336,9337,CG
CpG,-,9336,9337,CG
CpG,+,9341,9342,CG
CpG,-,9341,9342,CG
CpG,+,9346,9347,CG
CpG,-,9346,9347,CG
CpG,+,9348,9349,CG
CpG,-,9348,9349,CG
CpG,+,9352,9353,CG
CpG,-,9352,9353,CG
CpG,+,9355,9356,CG
CpG,-,9355,9356,CG
CpG,+,9366,9367,CG
CpG,-,9366,9367,CG
CpG,+,9371,9372,CG
CpG,-,9371,9372,CG
EcoRI_GAATTC,+,9372,9377,GAATTC
EcoRI_GAATTC,-,9372,9377,GAATTC
CpG,+,9378,9379,CG
CpG,-,9378,9379,CG
CpG,+,9390,9391,CG
CpG,-,9390,9391,CG
CpG,+,9414,9415,CG
CpG,-,9414,9415,CG
CpG,+,9418,9419,CG
CpG,-,9418,9419,CG
CpG,+,9425,9426,CG
CpG,-,9425,9426,CG
CpG,+,9447,9448,CG
CpG,-,9447,9448,CG
CpG,+,9452,9453,CG
CpG,-,9452,9453,CG
CpG,+,9466,9467,CG
CpG,-,9466,9467,CG
CpG,+,9475,9476,CG
CpG,-,9475,9476,CG
CpG,+,9492,9493,CG
CpG,-,9492,9493,CG
CpG,+,9523,9524,CG
CpG,-,9523,9524,CG
CpG,+,9586,9587,CG
CpG,-,9586,9587,CG
CpG,+,9593,9594,CG
CpG,-,9593,9594,CG
CpG,+,9600,9601,CG
CpG,-,9600,9601,CG
CpG,+,9625,9626,CG
CpG,-,9625,9626,CG
CpG,+,9686,9687,CG
CpG,-,9686,9687,CG
CpG,+,9714,9715,CG
CpG,-,9714,9715,CG
CpG,+,9736,9737,CG
CpG,-,9736,9737,CG
poly_A_signal_AATAAA,-,9764,9769,AATAAA
poly_A_signal_AATAAA,-,9777,9782,AATAAA
CpG,+,9793,9794,CG
CpG,-,9793,9794,CG
CpG,+,9796,9797,CG
CpG,-,9796,9797,CG
CpG,+,9819,9820,CG
CpG,-,9819,9820,CG
CpG,+,9829,9830,CG
CpG,-,9829,9830,CG
CpG,+,9850,9851,CG
CpG,-,9850,9851,CG
CpG,+,9858,9859,CG
CpG,-,9858,9859,CG
CpG,+,9862,9863,CG
CpG,-,9862,9863,CG
CpG,+,9873,9874,CG
CpG,-,9873,9874,CG
CpG,+,9904,9905,CG
CpG,-,9904,9905,CG
CpG,+,9943,9944,CG
CpG,-,9943,9944,CG
CpG,+,9976,9977,CG
CpG,-,9976,9977,CG
CpG,+,9980,9981,CG
CpG,-,9980,9981,CG
CpG,+,9984,9985,CG
CpG,-,9984,9985,CG
CpG,+,10000,10001,CG
CpG,-,10000,10001,CG
CpG,+,10021,10022,CG
CpG,-,10021,10022,CG
CpG,+,10024,10025,CG
CpG,-,10024,10025,CG
CpG,+,10039,10040,CG
CpG,-,10039,10040,CG
CpG,+,10046,10047,CG
CpG,-,10046,10047,CG
CpG,+,10048,10049,CG
CpG,-,10048,10049,CG
CpG,+,10062,10063,CG
CpG,-,10062,10063,CG
CpG,+,10069,10070,CG
CpG,-,10069,10070,CG
CpG,+,10086,10087,CG
CpG,-,10086,10087,CG
CpG,+,10090,10091,CG
CpG,-,10090,10091,CG
CpG,+,10093,10094,CG
CpG,-,10093,10094,CG
CpG,+,10101,10102,CG
CpG,-,10101,10102,CG
CpG,+,10103,10104,CG
CpG,-,10103,10104,CG
CpG,+,10107,10108,CG
CpG,-,10107,10108,CG
CpG,+,10116,10117,CG
CpG,-,10116,10117,CG
CpG,+,10171,10172,CG
CpG,-,10171,10172,CG
CpG,+,10174,10175,CG
CpG,-,10174,10175,CG
CpG,+,10186,10187,CG
CpG,-,10186,10187,CG
CpG,+,10210,10211,CG
CpG,-,10210,10211,CG
CpG,+,10279,10280,CG
CpG,-,10279,10280,CG
CpG,+,10303,10304,CG
CpG,-,10303,10304,CG
CpG,+,10320,10321,CG
CpG,-,10320,10321,CG
CpG,+,10350,10351,CG
CpG,-,10350,10351,CG
CpG,+,10362,10363,CG
CpG,-,10362,10363,CG
CpG,+,10420,10421,CG
CpG,-,10420,10421,CG
CpG,+,10429,10430,CG
CpG,-,10429,10430,CG
CpG,+,10519,10520,CG
CpG,-,10519,10520,CG
CpG,+,10531,10532,CG
CpG,-,10531,10532,CG
CpG,+,10546,10547,CG
CpG,-,10546,10547,CG
CpG,+,10571,10572,CG
CpG,-,10571,10572,CG
poly_A_signal_AATAAA,-,10607,10612,AATAAA
CpG,+,10663,10664,CG
CpG,-,10663,10664,CG
CpG,+,10682,10683,CG
CpG,-,10682,10683,CG
CpG,+,10693,10694,CG
CpG,-,10693,10694,CG
CpG,+,10700,10701,CG
CpG,-,10700,10701,CG
CpG,+,10702,10703,CG
CpG,-,10702,10703,CG
CpG,+,10716,10717,CG
CpG,-,10716,10717,CG
CpG,+,10731,10732,CG
CpG,-,10731,10732,CG
CpG,+,10744,10745,CG
CpG,-,10744,10745,CG
CpG,+,10747,10748,CG
CpG,-,10747,10748,CG
CpG,+,10753,10754,CG
CpG,-,10753,10754,CG
CpG,+,10765,10766,CG
CpG,-,10765,10766,CG
CpG,+,10776,10777,CG
CpG,-,10776,10777,CG
CpG,+,10803,10804,CG
CpG,-,10803,10804,CG
CpG,+,10831,10832,CG
CpG,-,10831,10832,CG
CpG,+,10846,10847,CG
CpG,-,10846,10847,CG
CpG,+,10848,10849,CG
CpG,-,10848,10849,CG
CpG,+,10852,10853,CG
CpG,-,10852,10853,CG
CpG,+,10886,10887,CG
CpG,-,10886,10887,CG
CpG,+,10889,10890,CG
CpG,-,10889,10890,CG
CpG,+,10904,10905,CG
CpG,-,10904,10905,CG
CpG,+,10921,10922,CG
CpG,-,10921,10922,CG
CpG,+,10959,10960,CG
CpG,-,10959,10960,CG
CpG,+,10963,10964,CG
CpG,-,10963,10964,CG
CpG,+,10967,10968,CG
CpG,-,10967,10968,CG
CpG,+,10998,10999,CG
CpG,-,10998,10999,CG
CpG,+,11049,11050,CG
CpG,-,11049,11050,CG
CpG,+,11074,11075,CG
CpG,-,11074,11075,CG
CpG,+,11090,11091,CG
CpG,-,11090,11091,CG
CpG,+,11094,11095,CG
CpG,-,11094,11095,CG
CpG,+,11101,11102,CG
CpG,-,11101,11102,CG
CpG,+,11112,11113,CG
CpG,-,11112,11113,CG
CpG,+,11117,11118,CG
CpG,-,11117,11118,CG
CpG,+,11128,11129,CG
CpG,-,11128,11129,CG
CpG,+,11137,11138,CG
CpG,-,11137,11138,CG
CpG,+,11149,11150,CG
CpG,-,11149,11150,CG
CpG,+,11159,11160,CG
CpG,-,11159,11160,CG
CpG,+,11171,11172,CG
CpG,-,11171,11172,CG
CpG,+,11181,11182,CG
CpG,-,11181,11182,CG
CpG,+,11216,11217,CG
CpG,-,11216,11217,CG
CpG,+,11220,11221,CG
CpG,-,11220,11221,CG
CpG,+,11236,11237,CG
CpG,-,11236,11237,CG
CpG,+,11239,11240,CG
CpG,-,11239,11240,CG
CpG,+,11245,11246,CG
CpG,-,11245,11246,CG
CpG,+,11251,11252,CG
CpG,-,11251,11252,CG
NdeI_CATATG,+,11260,11265,CATATG
NdeI_CATATG,-,11260,11265,CATATG
CpG,+,11314,11315,CG
CpG,-,11314,11315,CG
CpG,+,11337,11338,CG
CpG,-,11337,11338,CG
CpG,+,11364,11365,CG
CpG,-,11364,11365,CG
CpG,+,11413,11414,CG
CpG,-,11413,11414,CG
CpG,+,11422,11423,CG
CpG,-,11422,11423,CG
CpG,+,11432,11433,CG
CpG,-,11432,11433,CG
CpG,+,11437,11438,CG
CpG,-,11437,11438,CG
CpG,+,11455,11456,CG
CpG,-,11455,11456,CG
CpG,+,11463,11464,CG
CpG,-,11463,11464,CG
CpG,+,11483,11484,CG
CpG,-,11483,11484,CG
CpG,+,11488,11489,CG
CpG,-,11488,11489,CG
CpG,+,11522,11523,CG
CpG,-,11522,11523,CG
CpG,+,11526,11527,CG
CpG,-,11526,11527,CG
CpG,+,11550,11551,CG
CpG,-,11550,11551,CG
CpG,+,11557,11558,CG
CpG,-,11557,11558,CG
CpG,+,11566,11567,CG
CpG,-,11566,11567,CG
CpG,+,11569,11570,CG
CpG,-,11569,11570,CG
CpG,+,11571,11572,CG
CpG,-,11571,11572,CG
CpG,+,11578,11579,CG
CpG,-,11578,11579,CG
CpG,+,11583,11584,CG
CpG,-,11583,11584,CG
CpG,+,11605,11606,CG
CpG,-,11605,11606,CG
CpG,+,11613,11614,CG
CpG,-,11613,11614,CG
CpG,+,11620,11621,CG
CpG,-,11620,11621,CG
CpG,+,11622,11623,CG
CpG,-,11622,11623,CG
CpG,+,11632,11633,CG
CpG,-,11632,11633,CG
CpG,+,11642,11643,CG
CpG,-,11642,11643,CG
CpG,+,11646,11647,CG
CpG,-,11646,11647,CG
CpG,+,11648,11649,CG
CpG,-,11648,11649,CG
CpG,+,11655,11656,CG
CpG,-,11655,11656,CG
CpG,+,11663,11664,CG
CpG,-,11663,11664,CG
CpG,+,11666,11667,CG
CpG,-,11666,11667,CG
CpG,+,11680,11681,CG
CpG,-,11680,11681,CG
CpG,+,11683,11684,CG
CpG,-,11683,11684,CG
CpG,+,11719,11720,CG
CpG,-,11719,11720,CG
CpG,+,11789,11790,CG
CpG,-,11789,11790,CG
CpG,+,11807,11808,CG
CpG,-,11807,11808,CG
CpG,+,11872,11873,CG
CpG,-,11872,11873,CG
CpG,+,11881,11882,CG
CpG,-,11881,11882,CG
CpG,+,11904,11905,CG
CpG,-,11904,11905,CG
CpG,+,11912,11913,CG
CpG,-,11912,11913,CG
CpG,+,11919,11920,CG
CpG,-,11919,11920,CG
CpG,+,11929,11930,CG
CpG,-,11929,11930,CG
CpG,+,11938,11939,CG
CpG,-,11938,11939,CG
CpG,+,11950,11951,CG
CpG,-,11950,11951,CG
CpG,+,11959,11960,CG
CpG,-,11959,11960,CG
CpG,+,11973,11974,CG
CpG,-,11973,11974,CG
CpG,+,12008,12009,CG
CpG,-,12008,12009,CG
CpG,+,12014,12015,CG
CpG,-,12014,12015,CG
CpG,+,12017,12018,CG
CpG,-,12017,12018,CG
CpG,+,12068,12069,CG
CpG,-,12068,12069,CG
CpG,+,12071,12072,CG
CpG,-,12071,12072,CG
CpG,+,12083,12084,CG
CpG,-,12083,12084,CG
CpG,+,12114,12115,CG
CpG,-,12114,12115,CG
CpG,+,12129,12130,CG
CpG,-,12129,12130,CG
CpG,+,12134,12135,CG
CpG,-,12134,12135,CG
CpG,+,12146,12147,CG
CpG,-,12146,12147,CG
CpG,+,12152,12153,CG
CpG,-,12152,12153,CG
CpG,+,12167,12168,CG
CpG,-,12167,12168,CG
CpG,+,12187,12188,CG
CpG,-,12187,12188,CG
CpG,+,12195,12196,CG
CpG,-,12195,12196,CG
CpG,+,12270,12271,CG
CpG,-,12270,12271,CG
CpG,+,12293,12294,CG
CpG,-,12293,12294,CG
CpG,+,12333,12334,CG
CpG,-,12333,12334,CG
CpG,+,12351,12352,CG
CpG,-,12351,12352,CG
TATA_like,-,12355,12361,TATATAA
CpG,+,12377,12378,CG
CpG,-,12377,12378,CG
CpG,+,12383,12384,CG
CpG,-,12383,12384,CG
CpG,+,12399,12400,CG
CpG,-,12399,12400,CG
CpG,+,12425,12426,CG
CpG,-,12425,12426,CG
CpG,+,12446,12447,CG
CpG,-,12446,12447,CG
CpG,+,12454,12455,CG
CpG,-,12454,12455,CG
CpG,+,12485,12486,CG
CpG,-,12485,12486,CG
CpG,+,12522,12523,CG
CpG,-,12522,12523,CG
CpG,+,12528,12529,CG
CpG,-,12528,12529,CG
CpG,+,12557,12558,CG
CpG,-,12557,12558,CG
CpG,+,12560,12561,CG
CpG,-,12560,12561,CG
CpG,+,12566,12567,CG
CpG,-,12566,12567,CG
CpG,+,12576,12577,CG
CpG,-,12576,12577,CG
CpG,+,12582,12583,CG
CpG,-,12582,12583,CG
CpG,+,12588,12589,CG
CpG,-,12588,12589,CG
CpG,+,12591,12592,CG
CpG,-,12591,12592,CG
CpG,+,12635,12636,CG
CpG,-,12635,12636,CG
CpG,+,12639,12640,CG
CpG,-,12639,12640,CG
CpG,+,12642,12643,CG
CpG,-,12642,12643,CG
CpG,+,12653,12654,CG
CpG,-,12653,12654,CG
CpG,+,12675,12676,CG
CpG,-,12675,12676,CG
CpG,+,12687,12688,CG
CpG,-,12687,12688,CG
CpG,+,12734,12735,CG
CpG,-,12734,12735,CG
CpG,+,12750,12751,CG
CpG,-,12750,12751,CG
HindIII_AAGCTT,+,12767,12772,AAGCTT
HindIII_AAGCTT,-,12767,12772,AAGCTT
CpG,+,12804,12805,CG
CpG,-,12804,12805,CG
CpG,+,12816,12817,CG
CpG,-,12816,12817,CG
CpG,+,12831,12832,CG
CpG,-,12831,12832,CG
CpG,+,12840,12841,CG
CpG,-,12840,12841,CG
CpG,+,12848,12849,CG
CpG,-,12848,12849,CG
CpG,+,12851,12852,CG
CpG,-,12851,12852,CG
CpG,+,12869,12870,CG
CpG,-,12869,12870,CG
TATA_like,-,12873,12879,TATAAAT
CpG,+,12883,12884,CG
CpG,-,12883,12884,CG
CpG,+,12887,12888,CG
CpG,-,12887,12888,CG
CpG,+,12930,12931,CG
CpG,-,12930,12931,CG
CpG,+,12935,12936,CG
CpG,-,12935,12936,CG
CpG,+,12960,12961,CG
CpG,-,12960,12961,CG
CpG,+,12971,12972,CG
CpG,-,12971,12972,CG
CpG,+,12995,12996,CG
CpG,-,12995,12996,CG
CpG,+,13041,13042,CG
CpG,-,13041,13042,CG
CpG,+,13050,13051,CG
CpG,-,13050,13051,CG
CpG,+,13053,13054,CG
CpG,-,13053,13054,CG
CpG,+,13068,13069,CG
CpG,-,13068,13069,CG
TATA_like,-,13072,13078,TATATAA
CpG,+,13080,13081,CG
CpG,-,13080,13081,CG
CpG,+,13127,13128,CG
CpG,-,13127,13128,CG
CpG,+,13139,13140,CG
CpG,-,13139,13140,CG
CpG,+,13155,13156,CG
CpG,-,13155,13156,CG
CpG,+,13163,13164,CG
CpG,-,13163,13164,CG
CpG,+,13178,13179,CG
CpG,-,13178,13179,CG
CpG,+,13182,13183,CG
CpG,-,13182,13183,CG
CpG,+,13210,13211,CG
CpG,-,13210,13211,CG
CpG,+,13220,13221,CG
CpG,-,13220,13221,CG
CpG,+,13225,13226,CG
CpG,-,13225,13226,CG
CpG,+,13244,13245,CG
CpG,-,13244,13245,CG
CpG,+,13266,13267,CG
CpG,-,13266,13267,CG
CpG,+,13278,13279,CG
CpG,-,13278,13279,CG
CpG,+,13291,13292,CG
CpG,-,13291,13292,CG
CpG,+,13296,13297,CG
CpG,-,13296,13297,CG
CpG,+,13300,13301,CG
CpG,-,13300,13301,CG
CpG,+,13308,13309,CG
CpG,-,13308,13309,CG
CpG,+,13316,13317,CG
CpG,-,13316,13317,CG
CpG,+,13348,13349,CG
CpG,-,13348,13349,CG
CpG,+,13350,13351,CG
CpG,-,13350,13351,CG
CpG,+,13359,13360,CG
CpG,-,13359,13360,CG
CpG,+,13362,13363,CG
CpG,-,13362,13363,CG
CpG,+,13377,13378,CG
CpG,-,13377,13378,CG
EcoRI_GAATTC,+,13408,13413,GAATTC
EcoRI_GAATTC,-,13408,13413,GAATTC
CpG,+,13431,13432,CG
CpG,-,13431,13432,CG
CpG,+,13446,13447,CG
CpG,-,13446,13447,CG
CpG,+,13486,13487,CG
CpG,-,13486,13487,CG
CpG,+,13515,13516,CG
CpG,-,13515,13516,CG
CpG,+,13533,13534,CG
CpG,-,13533,13534,CG
CpG,+,13536,13537,CG
CpG,-,13536,13537,CG
CpG,+,13564,13565,CG
CpG,-,13564,13565,CG
CpG,+,13566,13567,CG
CpG,-,13566,13567,CG
CpG,+,13573,13574,CG
CpG,-,13573,13574,CG
CpG,+,13591,13592,CG
CpG,-,13591,13592,CG
poly_A_signal_AATAAA,-,13596,13601,AATAAA
CpG,+,13616,13617,CG
CpG,-,13616,13617,CG
CpG,+,13624,13625,CG
CpG,-,13624,13625,CG
CpG,+,13632,13633,CG
CpG,-,13632,13633,CG
CpG,+,13644,13645,CG
CpG,-,13644,13645,CG
CpG,+,13663,13664,CG
CpG,-,13663,13664,CG
CpG,+,13672,13673,CG
CpG,-,13672,13673,CG
CpG,+,13677,13678,CG
CpG,-,13677,13678,CG
CpG,+,13689,13690,CG
CpG,-,13689,13690,CG
CpG,+,13699,13700,CG
CpG,-,13699,13700,CG
CpG,+,13710,13711,CG
CpG,-,13710,13711,CG
CpG,+,13718,13719,CG
CpG,-,13718,13719,CG
CpG,+,13729,13730,CG
CpG,-,13729,13730,CG
CpG,+,13737,13738,CG
CpG,-,13737,13738,CG
CpG,+,13769,13770,CG
CpG,-,13769,13770,CG
CpG,+,13777,13778,CG
CpG,-,13777,13778,CG
CpG,+,13780,13781,CG
CpG,-,13780,13781,CG
CpG,+,13794,13795,CG
CpG,-,13794,13795,CG
CpG,+,13815,13816,CG
CpG,-,13815,13816,CG
CpG,+,13825,13826,CG
CpG,-,13825,13826,CG
CpG,+,13829,13830,CG
CpG,-,13829,13830,CG
CpG,+,13849,13850,CG
CpG,-,13849,13850,CG
CpG,+,13851,13852,CG
CpG,-,13851,13852,CG
CpG,+,13867,13868,CG
CpG,-,13867,13868,CG
CpG,+,13881,13882,CG
CpG,-,13881,13882,CG
TATA_like,-,13884,13890,TATAAAA
CpG,+,13896,13897,CG
CpG,-,13896,13897,CG
CpG,+,13909,13910,CG
CpG,-,13909,13910,CG
CpG,+,13935,13936,CG
CpG,-,13935,13936,CG
CpG,+,13967,13968,CG
CpG,-,13967,13968,CG
CpG,+,13981,13982,CG
CpG,-,13981,13982,CG
CpG,+,13993,13994,CG
CpG,-,13993,13994,CG
CpG,+,14001,14002,CG
CpG,-,14001,14002,CG
CpG,+,14025,14026,CG
CpG,-,14025,14026,CG
CpG,+,14062,14063,CG
CpG,-,14062,14063,CG
CpG,+,14085,14086,CG
CpG,-,14085,14086,CG
CpG,+,14097,14098,CG
CpG,-,14097,14098,CG
CpG,+,14136,14137,CG
CpG,-,14136,14137,CG
CpG,+,14140,14141,CG
CpG,-,14140,14141,CG
CpG,+,14197,14198,CG
CpG,-,14197,14198,CG
CpG,+,14220,14221,CG
CpG,-,14220,14221,CG
CpG,+,14229,14230,CG
CpG,-,14229,14230,CG
CpG,+,14241,14242,CG
CpG,-,14241,14242,CG
CpG,+,14269,14270,CG
CpG,-,14269,14270,CG
CpG,+,14325,14326,CG
CpG,-,14325,14326,CG
CpG,+,14328,14329,CG
CpG,-,14328,14329,CG
CpG,+,14344,14345,CG
CpG,-,14344,14345,CG
CpG,+,14364,14365,CG
CpG,-,14364,14365,CG
CpG,+,14374,14375,CG
CpG,-,14374,14375,CG
CpG,+,14443,14444,CG
CpG,-,14443,14444,CG
CpG,+,14514,14515,CG
CpG,-,14514,14515,CG
CpG,+,14529,14530,CG
CpG,-,14529,14530,CG
CpG,+,14542,14543,CG
CpG,-,14542,14543,CG
CpG,+,14550,14551,CG
CpG,-,14550,14551,CG
CpG,+,14557,14558,CG
CpG,-,14557,14558,CG
CpG,+,14587,14588,CG
CpG,-,14587,14588,CG
CpG,+,14632,14633,CG
CpG,-,14632,14633,CG
CpG,+,14644,14645,CG
CpG,-,14644,14645,CG
CpG,+,14656,14657,CG
CpG,-,14656,14657,CG
CpG,+,14691,14692,CG
CpG,-,14691,14692,CG
CpG,+,14701,14702,CG
CpG,-,14701,14702,CG
CpG,+,14708,14709,CG
CpG,-,14708,14709,CG
CpG,+,14720,14721,CG
CpG,-,14720,14721,CG
CpG,+,14746,14747,CG
CpG,-,14746,14747,CG
CpG,+,14756,14757,CG
CpG,-,14756,14757,CG
CpG,+,14783,14784,CG
CpG,-,14783,14784,CG
CpG,+,14787,14788,CG
CpG,-,14787,14788,CG
CpG,+,14805,14806,CG
CpG,-,14805,14806,CG
CpG,+,14827,14828,CG
CpG,-,14827,14828,CG
CpG,+,14830,14831,CG
CpG,-,14830,14831,CG
CpG,+,14849,14850,CG
CpG,-,14849,14850,CG
CpG,+,14860,14861,CG
CpG,-,14860,14861,CG
CpG,+,14915,14916,CG
CpG,-,14915,14916,CG
CpG,+,14930,14931,CG
CpG,-,14930,14931,CG
CpG,+,14951,14952,CG
CpG,-,14951,14952,CG
CpG,+,14960,14961,CG
CpG,-,14960,14961,CG
CpG,+,15016,15017,CG
CpG,-,15016,15017,CG
TATA_like,-,15021,15027,TATAAAT
CpG,+,15028,15029,CG
CpG,-,15028,15029,CG
CpG,+,15031,15032,CG
CpG,-,15031,15032,CG
CpG,+,15067,15068,CG
CpG,-,15067,15068,CG
CpG,+,15070,15071,CG
CpG,-,15070,15071,CG
CpG,+,15073,15074,CG
CpG,-,15073,15074,CG
CpG,+,15089,15090,CG
CpG,-,15089,15090,CG
CpG,+,15098,15099,CG
CpG,-,15098,15099,CG
CpG,+,15102,15103,CG
CpG,-,15102,15103,CG
CpG,+,15106,15107,CG
CpG,-,15106,15107,CG
CpG,+,15112,15113,CG
CpG,-,15112,15113,CG
CpG,+,15141,15142,CG
CpG,-,15141,15142,CG
CpG,+,15150,15151,CG
CpG,-,15150,15151,CG
CpG,+,15158,15159,CG
CpG,-,15158,15159,CG
CpG,+,15194,15195,CG
CpG,-,15194,15195,CG
CpG,+,15199,15200,CG
CpG,-,15199,15200,CG
CpG,+,15203,15204,CG
CpG,-,15203,15204,CG
CpG,+,15205,15206,CG
CpG,-,15205,15206,CG
CpG,+,15210,15211,CG
CpG,-,15210,15211,CG
CpG,+,15216,15217,CG
CpG,-,15216,15217,CG
CpG,+,15218,15219,CG
CpG,-,15218,15219,CG
CpG,+,15235,15236,CG
CpG,-,15235,15236,CG
CpG,+,15247,15248,CG
CpG,-,15247,15248,CG
CpG,+,15283,15284,CG
CpG,-,15283,15284,CG
CpG,+,15319,15320,CG
CpG,-,15319,15320,CG
CpG,+,15326,15327,CG
CpG,-,15326,15327,CG
CpG,+,15329,15330,CG
CpG,-,15329,15330,CG
CpG,+,15338,15339,CG
CpG,-,15338,15339,CG
CpG,+,15349,15350,CG
CpG,-,15349,15350,CG
CpG,+,15353,15354,CG
CpG,-,15353,15354,CG
CpG,+,15391,15392,CG
CpG,-,15391,15392,CG
CpG,+,15404,15405,CG
CpG,-,15404,15405,CG
CpG,+,15437,15438,CG
CpG,-,15437,15438,CG
CpG,+,15479,15480,CG
CpG,-,15479,15480,CG
CpG,+,15523,15524,CG
CpG,-,15523,15524,CG
CpG,+,15529,15530,CG
CpG,-,15529,15530,CG
CpG,+,15586,15587,CG
CpG,-,15586,15587,CG
CpG,+,15606,15607,CG
CpG,-,15606,15607,CG
CpG,+,15645,15646,CG
CpG,-,15645,15646,CG
poly_A_signal_AATAAA,-,15678,15683,AATAAA
CpG,+,15716,15717,CG
CpG,-,15716,15717,CG
CpG,+,15723,15724,CG
CpG,-,15723,15724,CG
CpG,+,15727,15728,CG
CpG,-,15727,15728,CG
CpG,+,15763,15764,CG
CpG,-,15763,15764,CG
CpG,+,15779,15780,CG
CpG,-,15779,15780,CG
CpG,+,15788,15789,CG
CpG,-,15788,15789,CG
CpG,+,15802,15803,CG
CpG,-,15802,15803,CG
CpG,+,15820,15821,CG
CpG,-,15820,15821,CG
CpG,+,15856,15857,CG
CpG,-,15856,15857,CG
CpG,+,15878,15879,CG
CpG,-,15878,15879,CG
CpG,+,15888,15889,CG
CpG,-,15888,15889,CG
CpG,+,15903,15904,CG
CpG,-,15903,15904,CG
CpG,+,15907,15908,CG
CpG,-,15907,15908,CG
CpG,+,15930,15931,CG
CpG,-,15930,15931,CG
CpG,+,15953,15954,CG
CpG,-,15953,15954,CG
CpG,+,15969,15970,CG
CpG,-,15969,15970,CG
CpG,+,15971,15972,CG
CpG,-,15971,15972,CG
CpG,+,16001,16002,CG
CpG,-,16001,16002,CG
CpG,+,16005,16006,CG
CpG,-,16005,16006,CG
CpG,+,16016,16017,CG
CpG,-,16016,16017,CG
CpG,+,16045,16046,CG
CpG,-,16045,16046,CG
CpG,+,16055,16056,CG
CpG,-,16055,16056,CG
CpG,+,16089,16090,CG
CpG,-,16089,16090,CG
CpG,+,16092,16093,CG
CpG,-,16092,16093,CG
CpG,+,16127,16128,CG
CpG,-,16127,16128,CG
CpG,+,16137,16138,CG
CpG,-,16137,16138,CG
CpG,+,16140,16141,CG
CpG,-,16140,16141,CG
CpG,+,16154,16155,CG
CpG,-,16154,16155,CG
CpG,+,16167,16168,CG
CpG,-,16167,16168,CG
CpG,+,16188,16189,CG
CpG,-,16188,16189,CG
CpG,+,16193,16194,CG
CpG,-,16193,16194,CG
CpG,+,16205,16206,CG
CpG,-,16205,16206,CG
CpG,+,16212,16213,CG
CpG,-,16212,16213,CG
CpG,+,16219,16220,CG
CpG,-,16219,16220,CG
CpG,+,16222,16223,CG
CpG,-,16222,16223,CG
CpG,+,16245,16246,CG
CpG,-,16245,16246,CG
CpG,+,16339,16340,CG
CpG,-,16339,16340,CG
CpG,+,16346,16347,CG
CpG,-,16346,16347,CG
CpG,+,16371,16372,CG
CpG,-,16371,16372,CG
CpG,+,16377,16378,CG
CpG,-,16377,16378,CG
CpG,+,16385,16386,CG
CpG,-,16385,16386,CG
CpG,+,16394,16395,CG
CpG,-,16394,16395,CG
CpG,+,16402,16403,CG
CpG,-,16402,16403,CG
CpG,+,16410,16411,CG
CpG,-,16410,16411,CG
CpG,+,16413,16414,CG
CpG,-,16413,16414,CG
CpG,+,16446,16447,CG
CpG,-,16446,16447,CG
CpG,+,16449,16450,CG
CpG,-,16449,16450,CG
CpG,+,16470,16471,CG
CpG,-,16470,16471,CG
CpG,+,16477,16478,CG
CpG,-,16477,16478,CG
CpG,+,16485,16486,CG
CpG,-,16485,16486,CG
CpG,+,16492,16493,CG
CpG,-,16492,16493,CG
CpG,+,16512,16513,CG
CpG,-,16512,16513,CG
poly_A_signal_AATAAA,-,16520,16525,AATAAA
CpG,+,16546,16547,CG
CpG,-,16546,16547,CG
CpG,+,16562,16563,CG
CpG,-,16562,16563,CG
CpG,+,16567,16568,CG
CpG,-,16567,16568,CG
CpG,+,16571,16572,CG
CpG,-,16571,16572,CG
CpG,+,16589,16590,CG
CpG,-,16589,16590,CG
CpG,+,16593,16594,CG
CpG,-,16593,16594,CG
CpG,+,16626,16627,CG
CpG,-,16626,16627,CG
CpG,+,16693,16694,CG
CpG,-,16693,16694,CG
CpG,+,16710,16711,CG
CpG,-,16710,16711,CG
CpG,+,16750,16751,CG
CpG,-,16750,16751,CG
CpG,+,16763,16764,CG
CpG,-,16763,16764,CG
CpG,+,16775,16776,CG
CpG,-,16775,16776,CG
CpG,+,16785,16786,CG
CpG,-,16785,16786,CG
CpG,+,16804,16805,CG
CpG,-,16804,16805,CG
CpG,+,16810,16811,CG
CpG,-,16810,16811,CG
CpG,+,16825,16826,CG
CpG,-,16825,16826,CG
CpG,+,16829,16830,CG
CpG,-,16829,16830,CG
CpG,+,16836,16837,CG
CpG,-,16836,16837,CG
CpG,+,16843,16844,CG
CpG,-,16843,16844,CG
NdeI_CATATG,+,16856,16861,CATATG
NdeI_CATATG,-,16856,16861,CATATG
CpG,+,16884,16885,CG
CpG,-,16884,16885,CG
CpG,+,16893,16894,CG
CpG,-,16893,16894,CG
CpG,+,16902,16903,CG
CpG,-,16902,16903,CG
CpG,+,16906,16907,CG
CpG,-,16906,16907,CG
CpG,+,16986,16987,CG
CpG,-,16986,16987,CG
CpG,+,16992,16993,CG
CpG,-,16992,16993,CG
CpG,+,17050,17051,CG
CpG,-,17050,17051,CG
CpG,+,17055,17056,CG
CpG,-,17055,17056,CG
CpG,+,17076,17077,CG
CpG,-,17076,17077,CG
CpG,+,17079,17080,CG
CpG,-,17079,17080,CG
CpG,+,17084,17085,CG
CpG,-,17084,17085,CG
poly_A_signal_AATAAA,-,17089,17094,AATAAA
CpG,+,17116,17117,CG
CpG,-,17116,17117,CG
CpG,+,17129,17130,CG
CpG,-,17129,17130,CG
CpG,+,17155,17156,CG
CpG,-,17155,17156,CG
CpG,+,17186,17187,CG
CpG,-,17186,17187,CG
CpG,+,17200,17201,CG
CpG,-,17200,17201,CG
CpG,+,17203,17204,CG
CpG,-,17203,17204,CG
CpG,+,17215,17216,CG
CpG,-,17215,17216,CG
CpG,+,17217,17218,CG
CpG,-,17217,17218,CG
CpG,+,17228,17229,CG
CpG,-,17228,17229,CG
CpG,+,17237,17238,CG
CpG,-,17237,17238,CG
CpG,+,17242,17243,CG
CpG,-,17242,17243,CG
CpG,+,17244,17245,CG
CpG,-,17244,17245,CG
CpG,+,17269,17270,CG
CpG,-,17269,17270,CG
CpG,+,17272,17273,CG
CpG,-,17272,17273,CG
CpG,+,17303,17304,CG
CpG,-,17303,17304,CG
CpG,+,17337,17338,CG
CpG,-,17337,17338,CG
CpG,+,17349,17350,CG
CpG,-,17349,17350,CG
CpG,+,17379,17380,CG
CpG,-,17379,17380,CG
CpG,+,17384,17385,CG
CpG,-,17384,17385,CG
CpG,+,17397,17398,CG
CpG,-,17397,17398,CG
CpG,+,17421,17422,CG
CpG,-,17421,17422,CG
CpG,+,17436,17437,CG
CpG,-,17436,17437,CG
CpG,+,17452,17453,CG
CpG,-,17452,17453,CG
CpG,+,17457,17458,CG
CpG,-,17457,17458,CG
CpG,+,17483,17484,CG
CpG,-,17483,17484,CG
CpG,+,17495,17496,CG
CpG,-,17495,17496,CG
CpG,+,17497,17498,CG
CpG,-,17497,17498,CG
CpG,+,17506,17507,CG
CpG,-,17506,17507,CG
CpG,+,17508,17509,CG
CpG,-,17508,17509,CG
CpG,+,17514,17515,CG
CpG,-,17514,17515,CG
CpG,+,17529,17530,CG
CpG,-,17529,17530,CG
CpG,+,17534,17535,CG
CpG,-,17534,17535,CG
CpG,+,17544,17545,CG
CpG,-,17544,17545,CG
CpG,+,17548,17549,CG
CpG,-,17548,17549,CG
CpG,+,17572,17573,CG
CpG,-,17572,17573,CG
CpG,+,17581,17582,CG
CpG,-,17581,17582,CG
BamHI_GGATCC,+,17582,17587,GGATCC
BamHI_GGATCC,-,17582,17587,GGATCC
CpG,+,17597,17598,CG
CpG,-,17597,17598,CG
CpG,+,17610,17611,CG
CpG,-,17610,17611,CG
CpG,+,17636,17637,CG
CpG,-,17636,17637,CG
CpG,+,17651,17652,CG
CpG,-,17651,17652,CG
CpG,+,17698,17699,CG
CpG,-,17698,17699,CG
CpG,+,17718,17719,CG
CpG,-,17718,17719,CG
CpG,+,17737,17738,CG
CpG,-,17737,17738,CG
CpG,+,17745,17746,CG
CpG,-,17745,17746,CG
CpG,+,17748,17749,CG
CpG,-,17748,17749,CG
CpG,+,17761,17762,CG
CpG,-,17761,17762,CG
CpG,+,17769,17770,CG
CpG,-,17769,17770,CG
CpG,+,17778,17779,CG
CpG,-,17778,17779,CG
CpG,+,17789,17790,CG
CpG,-,17789,17790,CG
CpG,+,17802,17803,CG
CpG,-,17802,17803,CG
CpG,+,17822,17823,CG
CpG,-,17822,17823,CG
CpG,+,17829,17830,CG
CpG,-,17829,17830,CG
CpG,+,17852,17853,CG
CpG,-,17852,17853,CG
CpG,+,17862,17863,CG
CpG,-,17862,17863,CG
CpG,+,17865,17866,CG
CpG,-,17865,17866,CG
CpG,+,17908,17909,CG
CpG,-,17908,17909,CG
CpG,+,17930,17931,CG
CpG,-,17930,17931,CG
CpG,+,17938,17939,CG
CpG,-,17938,17939,CG
CpG,+,17949,17950,CG
CpG,-,17949,17950,CG
CpG,+,17962,17963,CG
CpG,-,17962,17963,CG
CpG,+,17965,17966,CG
CpG,-,17965,17966,CG
CpG,+,17974,17975,CG
CpG,-,17974,17975,CG
CpG,+,17997,17998,CG
CpG,-,17997,17998,CG
CpG,+,18021,18022,CG
CpG,-,18021,18022,CG
CpG,+,18057,18058,CG
CpG,-,18057,18058,CG
CpG,+,18063,18064,CG
CpG,-,18063,18064,CG
CpG,+,18070,18071,CG
CpG,-,18070,18071,CG
CpG,+,18074,18075,CG
CpG,-,18074,18075,CG
CpG,+,18098,18099,CG
CpG,-,18098,18099,CG
CpG,+,18107,18108,CG
CpG,-,18107,18108,CG
CpG,+,18118,18119,CG
CpG,-,18118,18119,CG
CpG,+,18120,18121,CG
CpG,-,18120,18121,CG
CpG,+,18122,18123,CG
CpG,-,18122,18123,CG
CpG,+,18141,18142,CG
CpG,-,18141,18142,CG
CpG,+,18145,18146,CG
CpG,-,18145,18146,CG
CpG,+,18162,18163,CG
CpG,-,18162,18163,CG
CpG,+,18191,18192,CG
CpG,-,18191,18192,CG
CpG,+,18201,18202,CG
CpG,-,18201,18202,CG
CpG,+,18237,18238,CG
CpG,-,18237,18238,CG
CpG,+,18251,18252,CG
CpG,-,18251,18252,CG
CpG,+,18263,18264,CG
CpG,-,18263,18264,CG
CpG,+,18291,18292,CG
CpG,-,18291,18292,CG
CpG,+,18316,18317,CG
CpG,-,18316,18317,CG
CpG,+,18323,18324,CG
CpG,-,18323,18324,CG
CpG,+,18330,18331,CG
CpG,-,18330,18331,CG
CpG,+,18339,18340,CG
CpG,-,18339,18340,CG
CpG,+,18372,18373,CG
CpG,-,18372,18373,CG
CpG,+,18405,18406,CG
CpG,-,18405,18406,CG
CpG,+,18419,18420,CG
CpG,-,18419,18420,CG
CpG,+,18424,18425,CG
CpG,-,18424,18425,CG
CpG,+,18439,18440,CG
CpG,-,18439,18440,CG
poly_A_signal_AATAAA,-,18454,18459,AATAAA
CpG,+,18462,18463,CG
CpG,-,18462,18463,CG
CpG,+,18465,18466,CG
CpG,-,18465,18466,CG
CpG,+,18475,18476,CG
CpG,-,18475,18476,CG
CpG,+,18499,18500,CG
CpG,-,18499,18500,CG
CpG,+,18505,18506,CG
CpG,-,18505,18506,CG
CpG,+,18507,18508,CG
CpG,-,18507,18508,CG
CpG,+,18509,18510,CG
CpG,-,18509,18510,CG
CpG,+,18528,18529,CG
CpG,-,18528,18529,CG
CpG,+,18549,18550,CG
CpG,-,18549,18550,CG
CpG,+,18560,18561,CG
CpG,-,18560,18561,CG
CpG,+,18571,18572,CG
CpG,-,18571,18572,CG
CpG,+,18606,18607,CG
CpG,-,18606,18607,CG
CpG,+,18614,18615,CG
CpG,-,18614,18615,CG
NdeI_CATATG,+,18616,18621,CATATG
NdeI_CATATG,-,18616,18621,CATATG
CpG,+,18630,18631,CG
CpG,-,18630,18631,CG
CpG,+,18636,18637,CG
CpG,-,18636,18637,CG
poly_A_signal_AATAAA,+,18649,18654,AATAAA
CpG,+,18678,18679,CG
CpG,-,18678,18679,CG
CpG,+,18692,18693,CG
CpG,-,18692,18693,CG
CpG,+,18696,18697,CG
CpG,-,18696,18697,CG
CpG,+,18731,18732,CG
CpG,-,18731,18732,CG
CpG,+,18744,18745,CG
CpG,-,18744,18745,CG
CpG,+,18761,18762,CG
CpG,-,18761,18762,CG
CpG,+,18772,18773,CG
CpG,-,18772,18773,CG
CpG,+,18782,18783,CG
CpG,-,18782,18783,CG
CpG,+,18787,18788,CG
CpG,-,18787,18788,CG
CpG,+,18794,18795,CG
CpG,-,18794,18795,CG
CpG,+,18806,18807,CG
CpG,-,18806,18807,CG
CpG,+,18822,18823,CG
CpG,-,18822,18823,CG
CpG,+,18848,18849,CG
CpG,-,18848,18849,CG
CpG,+,18858,18859,CG
CpG,-,18858,18859,CG
CpG,+,18867,18868,CG
CpG,-,18867,18868,CG
CpG,+,18879,18880,CG
CpG,-,18879,18880,CG
CpG,+,18890,18891,CG
CpG,-,18890,18891,CG
CpG,+,18893,18894,CG
CpG,-,18893,18894,CG
CpG,+,18924,18925,CG
CpG,-,18924,18925,CG
CpG,+,18934,18935,CG
CpG,-,18934,18935,CG
CpG,+,18965,18966,CG
CpG,-,18965,18966,CG
CpG,+,18981,18982,CG
CpG,-,18981,18982,CG
CpG,+,18994,18995,CG
CpG,-,18994,18995,CG
CpG,+,19042,19043,CG
CpG,-,19042,19043,CG
CpG,+,19068,19069,CG
CpG,-,19068,19069,CG
CpG,+,19094,19095,CG
CpG,-,19094,19095,CG
CpG,+,19142,19143,CG
CpG,-,19142,19143,CG
CpG,+,19148,19149,CG
CpG,-,19148,19149,CG
